<?xml version="1.0" encoding="UTF-8"?>
<project-private xmlns="http://www.netbeans.org/ns/project-private/1">
    <editor-bookmarks xmlns="http://www.netbeans.org/ns/editor-bookmarks/2" lastBookmarkId="0"/>
    <open-files xmlns="http://www.netbeans.org/ns/projectui-open-files/2">
        <group>
            <file>file:/C:/Users/migue/OneDrive/Documentos/Estructura%20de%20datps/21130871_P1T1/src/Formularios/Formulario1.java</file>
            <file>file:/C:/Users/migue/OneDrive/Documentos/Estructura%20de%20datps/21130871_P1T1/src/pkg21130871_p1t1/Clases/Persona.java</file>
            <file>file:/C:/Users/migue/OneDrive/Documentos/Estructura%20de%20datps/21130871_P1T1/src/pkg21130871_p1t1/Clases/Ejecutable.java</file>
        </group>
    </open-files>
</project-private>
