<?xml version="1.0" encoding="UTF-8"?>
<project-private xmlns="http://www.netbeans.org/ns/project-private/1">
    <editor-bookmarks xmlns="http://www.netbeans.org/ns/editor-bookmarks/2" lastBookmarkId="0"/>
    <open-files xmlns="http://www.netbeans.org/ns/projectui-open-files/2">
        <group>
            <file>file:/C:/Users/migue/OneDrive/Documentos/Estructura%20de%20datps/21130871_EDD_P1T4/src/Formularios/Formulario1.java</file>
            <file>file:/C:/Users/migue/OneDrive/Documentos/Estructura%20de%20datps/21130871_EDD_P1T4/src/Clases/Nodo.java</file>
            <file>file:/C:/Users/migue/OneDrive/Documentos/Estructura%20de%20datps/21130871_EDD_P1T4/src/Clases/Dato.java</file>
            <file>file:/C:/Users/migue/OneDrive/Documentos/Estructura%20de%20datps/21130871_EDD_P1T4/src/Clases/ListaEnlazada.java</file>
        </group>
    </open-files>
</project-private>
