<?xml version="1.0" encoding="UTF-8"?>
<project-private xmlns="http://www.netbeans.org/ns/project-private/1">
    <editor-bookmarks xmlns="http://www.netbeans.org/ns/editor-bookmarks/2" lastBookmarkId="0"/>
    <open-files xmlns="http://www.netbeans.org/ns/projectui-open-files/2">
        <group>
            <file>file:/C:/Users/migue/OneDrive/Documentos/Estructura%20de%20datps/21130871_EDD_P3T1/src/pkg21130871_edd_p3t1/Formularios/Formulario1.java</file>
            <file>file:/C:/Users/migue/OneDrive/Documentos/Estructura%20de%20datps/21130871_EDD_P3T1/src/pkg21130871_edd_p3t1/Clases/MetodosProceso.java</file>
            <file>file:/C:/Users/migue/OneDrive/Documentos/Estructura%20de%20datps/21130871_EDD_P3T1/src/pkg21130871_edd_p3t1/Clases/Proceso.java</file>
        </group>
    </open-files>
</project-private>
