<?xml version="1.0" encoding="UTF-8"?>
<project-private xmlns="http://www.netbeans.org/ns/project-private/1">
    <editor-bookmarks xmlns="http://www.netbeans.org/ns/editor-bookmarks/2" lastBookmarkId="0"/>
    <open-files xmlns="http://www.netbeans.org/ns/projectui-open-files/2">
        <group>
            <file>file:/C:/Users/migue/OneDrive/Documentos/Estructura%20de%20datps/Evidencia%201/src/Ejecutables/Formulario1.java</file>
            <file>file:/C:/Users/migue/OneDrive/Documentos/Estructura%20de%20datps/Evidencia%201/src/Ejecutables/Consola.java</file>
            <file>file:/C:/Users/migue/OneDrive/Documentos/Estructura%20de%20datps/Evidencia%201/src/Clases/Dato.java</file>
            <file>file:/C:/Users/migue/OneDrive/Documentos/Estructura%20de%20datps/Evidencia%201/src/Clases/FilaEntero.java</file>
            <file>file:/C:/Users/migue/OneDrive/Documentos/Estructura%20de%20datps/Evidencia%201/src/Clases/Fila.java</file>
        </group>
    </open-files>
</project-private>
